日付,店舗,商品,数量,売上金額,備考
2026/7/1,駅前店,食パン,45,17100,
2026/7/2,丘の上店,カレーパン,37,"7,400",
2026/07/03,中央通り店,カレーパン,30,6000,
2026/7/5,丘の上店,食パン,17,"¥6,460",
2026-07-05,丘の上店,メロンパン,22,3960,
2026/7/7,中央通り店,あんぱん,40,"6,400",
2026/7/8,中央通り店,食パン,38,14440円,
2026/7/9,中央通り店,カレーパン,38,7600,
2026/7/9,丘の上店,メロンパン,6,1080,
2026/07/11,丘の上店,メロンパン,27,"4,860",
2026/7/15,駅前店,メロンパン,39,7020,
2026/7/17,丘の上店,あんぱん,23,3680,
2026/7/17,丘の上店,メロンパン,18,3240,"雨のため客足が少なめ, 夕方に値引き"
2026-07-19,駅前店,メロンパン,43,"7,740",
2026/7/20,駅前店,あんぱん,36,"¥5,760",
2026/7/21,駅前店,カレーパン,28,5600,
2026/07/21,駅前店,食パン,46,17480,
2026/7/22,駅前店,あんぱん,33,"5,280",
2026/7/22,中央通り店,あんぱん,26,4160,
2026/7/22,丘の上店,あんぱん,40,6400円,
2026/7/23,駅前店,クロワッサン,40,8800,
2026/7/24,中央通り店,クロワッサン,23,"5,060",
2026-07-25,中央通り店,メロンパン,３２,5760,
2026/07/26,中央通り店,食パン,10,3800,
2026/7/26,中央通り店,クロワッサン,31,6820,
2026/7/26,中央通り店,あんぱん,12,"¥1,920",
2026/7/27,駅前店,食パン,17,6460,
2026/7/28,駅前店,食パン,25,9500,
2026/7/28,丘の上店,メロンパン,31,5580,
2026/7/29,中央通り店,メロンパン,8,"1,440",
2026/07/30,駅前店,あんぱん,41,6560,"試食用に""半分""を店頭に出した"
2026-07-30,丘の上店,クロワッサン,8,1760,
2026/7/31,丘の上店,クロワッサン,10,2200円,
2026/8/1,中央通り店,あんぱん,8,"1,280",
2026/8/5,中央通り店,メロンパン,27,4860,
2026/8/6,丘の上店,カレーパン,29,5800,
2026/8/7,丘の上店,カレーパン,13,"¥2,600",
2026/08/09,駅前店,食パン,16,"6,080",
2026/8/9,丘の上店,食パン,10,3800,
2026/8/10,駅前店,クロワッサン,31,6820,
2026-08-11,駅前店,食パン,44,未集計,レジの集計待ち
2026/8/12,丘の上店,あんぱん,9,"1,440",
2026/8/13,中央通り店,カレーパン,30,6000,
2026/8/13,中央通り店,あんぱん,32,5120,
2026/08/14,駅前店,カレーパン,43,8600,
2026/8/14,丘の上店,カレーパン,17,3400円,
2026/8/17,中央通り店,クロワッサン,8,1760,
2026/8/18,丘の上店,あんぱん,39,"¥6,240",
2026/8/20,駅前店,メロンパン,37,6660,
2026-08-20,丘の上店,メロンパン,40,"7,200",
2026/8/21,駅前店,クロワッサン,16,3520,
2026/08/21,中央通り店,食パン,-2,▲760,返品
2026/8/22,中央通り店,メロンパン,11,1980,
2026/8/22,中央通り店,あんぱん,9,"1,440",
2026/8/23,駅前店,食パン,16,6080,
2026/8/23,中央通り店,メロンパン,28,5040,
2026/8/24,中央通り店,食パン,19,7220,"朝の焼き上がりが遅れた
（10時から販売）"
2026/8/25,駅前店,カレーパン,40,"8,000",
2026-08-25,中央通り店,食パン,13,"¥4,940",
2026/8/25,丘の上店,あんぱん,12,1920,
2026/8/26,駅前店,メロンパン,18,3240,
2026/8/26,中央通り店,あんぱん,29,"4,640",
2026/8/27,駅前店,あんぱん,31,4960,
2026/8/29,丘の上店,クロワッサン,36,,金額の入力漏れ
2026/8/30,丘の上店,メロンパン,39,7020,
2026/08/31,駅前店,メロンパン,33,"5,940",
2026/8/31,丘の上店,食パン,13,4940,
2026-09-02,駅前店,カレーパン,19,3800,
2026/9/2,丘の上店,あんぱん,38,6080,
2026/9/2,丘の上店,カレーパン,9,"¥1,800",
2026/9/3,丘の上店,クロワッサン,32,7040,
2026/9/6,駅前店,メロンパン,35,6300円,
2026/09/06,中央通り店,クロワッサン,13,2860,
2026/9/8,駅前店,カレーパン,41,"8,200",
2026/9/8,丘の上店,あんぱん,15,2400,
2026/9/12,駅前店,あんぱん,18,2880,
2026-09-12,中央通り店,メロンパン,16,2880,
2026/9/12,丘の上店,あんぱん,13,"2,080","近くの催しで, 昼に売り切れ"
2026/9/13,中央通り店,あんぱん,34,5440,
2026/09/14,駅前店,カレーパン,35,7000,
2026/9/14,丘の上店,メロンパン,38,"¥6,840",
2026/9/15,中央通り店,メロンパン,39,"7,020",
2026/9/15,中央通り店,あんぱん,33,5280,
2026/9/16,駅前店,クロワッサン,16,3520,
2026/9/16,中央通り店,食パン,36,13680円,
2026-09-17,駅前店,クロワッサン,14,"3,080",
2026/09/17,駅前店,メロンパン,24,4320,
2026/9/17,中央通り店,カレーパン,7,1400,
2026/9/18,中央通り店,クロワッサン,15,3300,
2026/9/19,丘の上店,あんぱん,16,"2,560",
2026/9/20,中央通り店,食パン,21,7980,
2026/9/20,丘の上店,カレーパン,35,"¥7,000",
2026/9/22,丘の上店,カレーパン,16,3200,
2026/09/26,丘の上店,食パン,28,"10,640",
2026-09-27,駅前店,あんぱん,39,6240,
2026/9/27,駅前店,食パン,19,7220,
2026/9/27,駅前店,クロワッサン,16,3520,
2026/9/28,丘の上店,カレーパン,33,6600円,
2026/9/29,中央通り店,食パン,10,3800,
2026/9/30,中央通り店,クロワッサン,39,8580,
